{
  "best_J": 86.39963460572879,
  "best_R": 638.1395768068455,
  "best_Q": 0.0318324901163578
}