{
  "best_J": 89.83403268969084,
  "best_R": 678.268146511508,
  "best_Q": 0.03491152822971344
}