{
  "best_J": 0.07236597766945989,
  "best_R": 0.19446134182230734,
  "best_Q": -2.2164437770843506,
  "best_E": -2.375950813293457
}