{
  "best_J": 140.5695502563305,
  "best_R": 1882.1491686661848,
  "best_Q": 147.0047149658203,
  "best_E": -5.5357866287231445
}