{
  "best_J": 6.163950337898627,
  "best_R": 397.7647058823529,
  "best_Q": 0.8486628532409668,
  "execution_time_sec": 312817.05392575264
}