{
  "best_J": 51.730486136468336,
  "best_R": 217.88101118571603,
  "best_Q": 17.395578384399414
}