{
  "best_J": 62.677425033098245,
  "best_R": 270.517186705233,
  "best_Q": 12.827796936035156
}