{
  "best_J": 46.23589678744225,
  "best_R": -119.53576237188062,
  "best_Q": 38.9012336730957,
  "best_E": 2.656057119369507
}