{
  "best_J": 63.965285280475584,
  "best_R": 145.36943861919002,
  "best_Q": 59.170387268066406,
  "best_E": 2.583010196685791
}