{
  "best_J": 6.734478232975621,
  "best_R": 355.6692913385827,
  "best_Q": 1.2836132049560547,
  "execution_time_sec": 680389.0184874535
}