{
  "best_J": 275.650216787488,
  "best_R": 2674.1009815623374,
  "best_Q": 262.9150695800781
}