{
  "best_J": 266.75219222371396,
  "best_R": 2728.8133489159263,
  "best_Q": 247.3998260498047
}