{
  "best_J": 247.24047879807,
  "best_R": 3174.133550961694,
  "best_Q": 298.5927429199219
}