{
  "best_J": 168.71111951220607,
  "best_R": 2088.4351214785524,
  "best_Q": 165.47747802734375,
  "best_E": -2.6402511596679688
}