{
  "best_J": 196.2998906041641,
  "best_R": 2283.496534928199,
  "best_Q": 162.22967529296875
}