{
  "best_J": -76.30877747431576,
  "best_R": -89.91576294919525,
  "best_Q": -85.96846771240234,
  "best_E": 0.9614596366882324,
  "execution_time_sec": 6575.810632228851
}