{
  "best_J": 81.89765804789262,
  "best_R": 159.4842010348806,
  "best_Q": 74.85618591308594,
  "best_E": 6.658224105834961
}