{
  "best_J": 262.9739476088804,
  "best_R": 3753.9982285760734,
  "best_Q": 251.5916290283203,
  "best_E": 3.8339791297912598
}