{
  "best_J": 252.87738033374382,
  "best_R": 3266.7900299474213,
  "best_Q": 196.38897705078125,
  "best_E": 0.7174577713012695
}