{
  "best_J": 119.34402527800243,
  "best_R": 1024.5352667835486,
  "best_Q": 112.0820083618164,
  "best_E": 2.2787227630615234
}