{
  "best_J": 210.2127616539019,
  "best_R": 555.7696370581016,
  "best_Q": 204.64073181152344,
  "best_E": 2.1700358390808105
}