{
  "best_J": 103.85762936162173,
  "best_R": 270.9278609780487,
  "best_Q": 96.40641021728516,
  "best_E": 5.436290740966797
}