{
  "best_J": 481.8391771567768,
  "best_R": 5835.686516744869,
  "best_Q": 444.75634765625
}