{
  "best_J": 460.83766552547087,
  "best_R": 5338.690869963705,
  "best_Q": 441.35986328125
}