{
  "best_J": 118.16165190641429,
  "best_R": 995.5097817470211,
  "best_Q": 109.03153991699219,
  "best_E": -4.5884480476379395
}