{
  "best_J": 108.06652466770318,
  "best_R": 955.9801986465478,
  "best_Q": 107.45782470703125,
  "best_E": -1.9715862274169922
}