{
  "best_J": 161.25119663827326,
  "best_R": 642.5908026784102,
  "best_Q": 153.17050170898438,
  "best_E": 7.494173049926758
}