{
  "best_J": 115.6408344021534,
  "best_R": 990.9046854406018,
  "best_Q": 109.79762268066406,
  "best_E": -2.840017318725586
}