{
  "best_J": 2.882620327766665,
  "best_R": 32.526315789473685,
  "best_Q": 0.32707467675209045,
  "execution_time_sec": 500458.09869480133
}