{
  "best_J": 172.22431399649915,
  "best_R": 1551.9828401507148,
  "best_Q": 155.1387176513672
}