{
  "best_J": -93.34195724616086,
  "best_R": -113.2449643092684,
  "best_Q": -84.92050170898438,
  "best_E": 1.1479501724243164,
  "execution_time_sec": 6363.955102920532
}