{
  "best_J": 6.035490313478062,
  "best_R": 273.7028985507246,
  "best_Q": 0.7933138608932495,
  "execution_time_sec": 342229.138453722
}