{
  "best_J": 318.006787719312,
  "best_R": 5203.947692570338,
  "best_Q": 251.87216186523438,
  "best_E": 0.3338806927204132
}