{
  "best_J": 176.16472369578233,
  "best_R": 458.3856341991142,
  "best_Q": 126.29521179199219,
  "best_E": 0.9657931327819824
}