{
  "best_J": 247.35458735439641,
  "best_R": 1119.644007005835,
  "best_Q": 243.81103515625,
  "best_E": 1.3819489479064941
}