{
  "best_J": 24.608629747262633,
  "best_R": 11.307653701311601,
  "best_Q": 7.0264997482299805,
  "best_E": 1.724152684211731
}