{
  "best_J": 45.25922817107466,
  "best_R": 131.52076128897147,
  "best_Q": 45.17356872558594,
  "best_E": 1.4548686742782593
}