{
  "best_J": 94.55925768248918,
  "best_R": 773.7101665668348,
  "best_Q": 83.90492248535156,
  "best_E": -3.5767135620117188
}