{
  "best_J": 6.00683736289147,
  "best_R": 325.4186046511628,
  "best_Q": 1.208294153213501,
  "execution_time_sec": 350439.0017836094
}