{
  "best_J": -72.24123576448382,
  "best_R": -91.38871055417889,
  "best_Q": -37.922569274902344,
  "execution_time_sec": 44688.823549985886
}