{
  "best_J": 167.38952240529275,
  "best_R": 800.7414292566824,
  "best_Q": 272.9221496582031
}