{
  "best_J": 64.75935446631006,
  "best_R": 232.12748189166888,
  "best_Q": 79.4503173828125
}