{
  "best_J": 52.62418237356487,
  "best_R": 190.98744130730682,
  "best_Q": 50.71857833862305
}