{
  "best_J": 276.2204069471929,
  "best_R": 2163.6298042696994,
  "best_Q": 210.9969024658203
}