{
  "best_J": 350.57362757986823,
  "best_R": 2390.779710423546,
  "best_Q": 246.269775390625
}