{
  "best_J": 265.4584248426646,
  "best_R": 3129.639896117914,
  "best_Q": 207.6665496826172
}