{
  "best_J": 98.67114008490535,
  "best_R": 800.0255315012433,
  "best_Q": 88.95298767089844,
  "best_E": -0.0652151107788086
}