{
  "best_J": 146.8678275512263,
  "best_R": 1812.6961975726986,
  "best_Q": 132.53347778320312,
  "best_E": -3.1184825897216797
}