{
  "best_J": 290.8530626859605,
  "best_R": 3646.676912210155,
  "best_Q": 282.65679931640625,
  "best_E": -2.523395538330078
}