{
  "best_J": 167.83150501475316,
  "best_R": 1614.0744683975167,
  "best_Q": 146.2880401611328
}