{
  "best_J": -101.52523720991192,
  "best_R": -127.95445991157885,
  "best_Q": -170.2301025390625,
  "best_E": 2.3641724586486816,
  "execution_time_sec": 8699.58578133583
}