{
  "best_J": -64.00674379268325,
  "best_R": -75.05903156370643,
  "best_Q": -79.06171417236328,
  "best_E": 0.2861059010028839,
  "execution_time_sec": 67949.71517801285
}