{
  "best_J": 205.92203327285512,
  "best_R": 2201.2516052335973,
  "best_Q": 183.2297821044922
}