{
  "best_J": 242.12355631185397,
  "best_R": 2565.1181483814526,
  "best_Q": 223.9915771484375,
  "best_E": -4.835419654846191
}