{
  "best_J": 252.07420241261016,
  "best_R": 2762.0002515315273,
  "best_Q": 242.10189819335938,
  "best_E": -4.771401405334473
}