{
  "best_J": 190.51615199584143,
  "best_R": 1492.1399829015993,
  "best_Q": 171.237548828125
}