{
  "best_J": 510.12189493930737,
  "best_R": 6102.761301311753,
  "best_Q": 405.70782470703125,
  "best_E": -0.6069199442863464
}