{
  "best_J": 200.87622470153104,
  "best_R": 2244.657400381421,
  "best_Q": 215.3311309814453
}