{
  "best_J": 250.26478632255242,
  "best_R": 2504.0955897906815,
  "best_Q": 247.6479034423828,
  "best_E": 1.0268216133117676
}