{
  "best_J": 114.53916221309933,
  "best_R": 1016.3041910192263,
  "best_Q": 110.28816986083984,
  "best_E": 2.670999765396118
}