{
  "best_J": 5.865007336001908,
  "best_R": 413.7647058823529,
  "best_Q": 1.3736640214920044,
  "execution_time_sec": 764422.252948761
}