{
  "best_J": 60.06172991538379,
  "best_R": 147.0019902026006,
  "best_Q": 39.705928802490234,
  "best_E": 2.3614730834960938
}