{
  "best_J": 80.7626964859032,
  "best_R": 276.24863209300827,
  "best_Q": 76.04959869384766,
  "best_E": 0.7412657737731934
}