{
  "best_J": 79.07988712663463,
  "best_R": 1031.7322999777339,
  "best_Q": 85.04988098144531,
  "best_E": -4.286133766174316
}