{
  "best_J": 195.86631027282084,
  "best_R": 2376.548660071499,
  "best_Q": 190.9139862060547,
  "best_E": -1.8994369506835938
}