{
  "best_J": 542.4783876685175,
  "best_R": 7291.974169603632,
  "best_Q": 392.197021484375,
  "best_E": 0.3649270236492157
}