{
  "best_J": 305.54395534661137,
  "best_R": 3926.8134554915487,
  "best_Q": 302.71759033203125,
  "best_E": -4.664395332336426
}