{
  "best_J": -211.21590044506016,
  "best_R": -1340.125963827142,
  "best_Q": -216.0120086669922,
  "best_E": 0.6877536773681641
}