{
  "best_J": 208.2702605546417,
  "best_R": 2280.976265233599,
  "best_Q": 183.8564910888672,
  "best_E": -0.5556203722953796
}