{
  "best_J": 243.50271248821704,
  "best_R": 3021.2025587568287,
  "best_Q": 218.3737030029297,
  "best_E": 0.391735315322876
}