{
  "best_J": 174.02844048023093,
  "best_R": 1734.8516307806374,
  "best_Q": 149.83908081054688,
  "best_E": -0.026972975581884384
}