{
  "best_J": 4.927413116963833,
  "best_R": 126.92934782608695,
  "best_Q": 1.0030343532562256,
  "execution_time_sec": 647627.3959550858
}