{
  "best_J": 125.26838571933256,
  "best_R": 1054.576905649607,
  "best_Q": 98.59937286376953,
  "best_E": -8.008397102355957
}