{
  "best_J": 114.02876207136651,
  "best_R": 859.0178323708091,
  "best_Q": 97.93994903564453,
  "best_E": -9.494797706604004
}