{
  "best_J": 261.06212464552175,
  "best_R": 1399.469186699918,
  "best_Q": 364.7427978515625
}