{
  "best_J": 75.3959098801218,
  "best_R": 856.5954788640516,
  "best_Q": 72.20065307617188,
  "best_E": 0.902252197265625
}