{
  "best_J": 239.50080007082028,
  "best_R": 2972.4810050558663,
  "best_Q": 180.56988525390625,
  "best_E": -4.588205337524414
}