{
  "best_J": -65.04864489523125,
  "best_R": -78.41971999000428,
  "best_Q": -103.0315933227539,
  "execution_time_sec": 58298.88388490677
}