{
  "best_J": 289.65978399879316,
  "best_R": 1909.6504500523868,
  "best_Q": 272.2569885253906,
  "best_E": 0.010429698042571545
}