{
  "best_J": 274.8986019413267,
  "best_R": 2055.253619057498,
  "best_Q": 258.3218688964844,
  "best_E": 0.012167186476290226
}