{
  "best_J": 7.23139041507859,
  "best_R": 315.24666666666667,
  "best_Q": 0.7343994975090027,
  "execution_time_sec": 891157.6163072586
}