{
  "best_J": 87.40444888443415,
  "best_R": 275.96447809213294,
  "best_Q": 68.4191665649414,
  "best_E": -0.16640250384807587
}