{
  "best_J": 52.680436916639835,
  "best_R": 252.26644477481244,
  "best_Q": 33.47577667236328,
  "best_E": 0.23846152424812317
}