{
  "best_J": 121.79755236235596,
  "best_R": 781.6057111371895,
  "best_Q": 225.6875762939453
}